1,Test Bookmark,http://www.example.com,Test notes,2024-04-25
1,Test Bookmark,http://www.example.com,Test notes,2024-04-25
1,Test Bookmark,http://www.example.com,Test notes,2024-04-25
1,Test Bookmark,http://www.example.com,Test notes,2024-04-25
1,Test Bookmark,http://www.example.com,Test notes,2024-04-25
1,Test Bookmark,http://www.example.com,Test notes,2024-04-25
2,Test Bookmark 2,http://www.example2.com,Test notes 2,2024-04-25
1,Test Bookmark,http://www.example.com,Test notes,2024-04-25
1,Test Bookmark,http://www.example.com,Test notes,2024-04-25
2,Test Bookmark 2,http://www.example2.com,Test notes 2,2024-04-25
1,Test Bookmark,http://www.example.com,Test notes,2024-04-25
1,Test Bookmark,http://www.example.com,Test notes,2024-04-25
2,Test Bookmark 2,http://www.example2.com,Test notes 2,2024-04-25
1,Test Bookmark,http://www.example.com,Test notes,2024-04-25
1,Test Bookmark,http://www.example.com,Test notes,2024-04-25
2,Test Bookmark 2,http://www.example2.com,Test notes 2,2024-04-25
1,Test Bookmark,http://www.example.com,Test notes,2024-04-25
1,Test Bookmark,http://www.example.com,Test notes,2024-04-25
2,Test Bookmark 2,http://www.example2.com,Test notes 2,2024-04-25
1,Test Bookmark,http://www.example.com,Test notes,2024-04-25
1,Test Bookmark,http://www.example.com,Test notes,2024-04-25
2,Test Bookmark 2,http://www.example2.com,Test notes 2,2024-04-25
1,Test Bookmark,http://www.example.com,Test notes,2024-04-25
1,Test Bookmark,http://www.example.com,Test notes,2024-04-25
2,Test Bookmark 2,http://www.example2.com,Test notes 2,2024-04-25
1,Test Bookmark,http://www.example.com,Test notes,2024-04-25
1,Test Bookmark,http://www.example.com,Test notes,2024-04-25
2,Test Bookmark 2,http://www.example2.com,Test notes 2,2024-04-25
1,Test Bookmark,http://www.example.com,Test notes,2024-04-25
1,Test Bookmark,http://www.example.com,Test notes,2024-04-25
2,Test Bookmark 2,http://www.example2.com,Test notes 2,2024-04-25
1,Test Bookmark,http://www.example.com,Test notes,2024-04-25
1,Test Bookmark,http://www.example.com,Test notes,2024-04-25
1,Test Bookmark,http://www.example.com,Test notes,2024-04-25
2,Test Bookmark 2,http://www.example2.com,Test notes 2,2024-04-25
1,Test Bookmark,http://www.example.com,Test notes,2024-04-25
1,Test Bookmark,http://www.example.com,Test notes,2024-04-25
1,Update Bookmark,http://www.example.com,Test notes,2024-04-25
1,Test Bookmark,http://www.example.com,Test notes,2024-04-25
2,Test Bookmark 2,http://www.example2.com,Test notes 2,2024-04-25
1,Test Bookmark,http://www.example.com,Test notes,2024-04-25
1,Test Bookmark,http://www.example.com,Test notes,2024-04-25
1,Test Bookmark,http://www.example.com,Test notes,2024-04-25
2,Test Bookmark 2,http://www.example2.com,Test notes 2,2024-04-25
1,Test Bookmark,http://www.example.com,Test notes,2024-04-25
1,Test Bookmark,http://www.example.com,Test notes,2024-04-25
1,Test Bookmark,http://www.example.com,Test notes,2024-04-25
2,Test Bookmark 2,http://www.example2.com,Test notes 2,2024-04-25
1,Test Bookmark,http://www.example.com,Test notes,2024-04-25
1,Test Bookmark,http://www.example.com,Test notes,2024-04-25
1,Test Bookmark,http://www.example.com,Test notes,2024-04-25
2,Test Bookmark 2,http://www.example2.com,Test notes 2,2024-04-25
1,Test Bookmark,http://www.example.com,Test notes,2024-04-25
1,Test Bookmark,http://www.example.com,Test notes,2024-04-25
1,Test Bookmark,http://www.example.com,Test notes,2024-04-25
2,Test Bookmark 2,http://www.example2.com,Test notes 2,2024-04-25
1,Test Bookmark,http://www.example.com,Test notes,2024-04-25
1,Test Bookmark,http://www.example.com,Test notes,2024-04-25
1,Test Bookmark,http://www.example.com,Test notes,2024-04-25
2,Test Bookmark 2,http://www.example2.com,Test notes 2,2024-04-25
1,Test Bookmark,http://www.example.com,Test notes,2024-04-25
1,Test Bookmark,http://www.example.com,Test notes,2024-04-25
1,Test Bookmark,http://www.example.com,Test notes,2024-04-25
2,Test Bookmark 2,http://www.example2.com,Test notes 2,2024-04-25
1,Test Bookmark,http://www.example.com,Test notes,2024-04-28
1,Test Bookmark,http://www.example.com,Test notes,2024-04-28
1,goofy,http://www.example.com,Test notes,2024-04-28
1,Test Bookmark,http://www.example.com,Test notes,2024-04-28
1,Test Bookmark,http://www.example.com,Test notes,2024-04-28
1,goofy,http://www.example.com,Test notes,2024-04-28
1,Test Bookmark,http://www.example.com,Test notes,2024-04-28
1,Test Bookmark,http://www.example.com,Test notes,2024-04-28
1,Test Bookmark,http://www.example.com,Test notes,2024-04-28
2,Test Bookmark 2,http://www.example2.com,Test notes 2,2024-04-28
